дата;открытие;закрытие;мин;макс
27/09/18;114280;114580;114200;114710
27/09/18;114580;114570;114520;114730
27/09/18;114570;114730;114560;114750
27/09/18;114720;114670;114620;114790
27/09/18;114690;114740;114650;114790
27/09/18;114750;114740;114730;114830
27/09/18;114750;114710;114690;114790
27/09/18;114710;114750;114670;114750
27/09/18;114750;114680;114680;114760
27/09/18;114700;114700;114660;114710
27/09/18;114700;114650;114630;114710
27/09/18;114650;114660;114620;114700
27/09/18;114670;114760;114650;114770
27/09/18;114760;114850;114730;114890
27/09/18;114850;114910;114830;114920
27/09/18;114910;114970;114890;114990
27/09/18;114960;114950;114920;114980
27/09/18;114950;114800;114750;114970
27/09/18;114790;114690;114660;114800
27/09/18;114670;114630;114620;114740
27/09/18;114630;114680;114620;114720
27/09/18;114670;114780;114670;114800
27/09/18;114780;114890;114770;114910
27/09/18;114880;114790;114770;114930
27/09/18;114790;114780;114760;114820
27/09/18;114780;114740;114730;114870
27/09/18;114750;114960;114720;114980
27/09/18;114970;114950;114880;115000
27/09/18;114950;115010;114950;115050
27/09/18;115010;115090;115000;115110
27/09/18;115100;115070;115070;115140
27/09/18;115070;115060;115050;115120
27/09/18;115060;115050;115040;115070
27/09/18;115060;115060;115040;115080
27/09/18;115050;115140;115050;115140
27/09/18;115140;115090;115090;115170
27/09/18;115100;115050;115050;115140
27/09/18;115050;115130;115050;115150
27/09/18;115140;115150;115120;115210
27/09/18;115140;115120;115110;115170
27/09/18;115120;115090;115090;115140
27/09/18;115100;115060;115040;115100
27/09/18;115050;115070;115020;115090
27/09/18;115070;115070;115020;115070
27/09/18;115060;115030;115030;115060
27/09/18;115030;115070;115030;115100
27/09/18;115080;115080;115070;115110
27/09/18;115080;115050;115030;115120
27/09/18;115060;115180;115040;115200
27/09/18;115160;115240;115160;115280
27/09/18;115250;115210;115180;115250
27/09/18;115210;115250;115200;115260
27/09/18;115240;115250;115230;115320
27/09/18;115250;115250;115250;115280
27/09/18;115250;115230;115220;115250
27/09/18;115240;115250;115200;115250
27/09/18;115240;115250;115220;115280
27/09/18;115260;115220;115220;115280
27/09/18;115220;115250;115210;115260
27/09/18;115260;115290;115250;115300
27/09/18;115290;115330;115260;115350
27/09/18;115340;115330;115320;115390
27/09/18;115330;115350;115310;115360
27/09/18;115350;115330;115300;115370
27/09/18;115340;115330;115310;115360
27/09/18;115330;115310;115300;115370
27/09/18;115300;115320;115300;115350
27/09/18;115330;115330;115300;115350
27/09/18;115340;115380;115300;115380
27/09/18;115380;115570;115360;115640
27/09/18;115570;115650;115570;115670
27/09/18;115660;115620;115590;115680
27/09/18;115620;115600;115600;115650
27/09/18;115590;115610;115570;115640
27/09/18;115590;115570;115560;115630
27/09/18;115570;115560;115560;115600
27/09/18;115560;115550;115550;115600
27/09/18;115550;115550;115510;115550
27/09/18;115550;115600;115550;115620
27/09/18;115610;115570;115560;115610
27/09/18;115560;115600;115560;115600
27/09/18;115610;115580;115570;115640
27/09/18;115580;115480;115460;115580
27/09/18;115480;115490;115470;115500
27/09/18;115500;115510;115480;115530
27/09/18;115510;115460;115450;115530
27/09/18;115450;115440;115430;115480
27/09/18;115440;115510;115430;115520
27/09/18;115520;115490;115460;115520
27/09/18;115500;115540;115490;115580
27/09/18;115540;115560;115530;115590
27/09/18;115550;115590;115510;115590
27/09/18;115590;115690;115590;115740
27/09/18;115700;115700;115660;115710
27/09/18;115690;115600;115560;115700
27/09/18;115600;115490;115480;115630
27/09/18;115500;115470;115440;115520
27/09/18;115460;115440;115410;115490
27/09/18;115450;115500;115420;115500
27/09/18;115490;115470;115470;115510
27/09/18;115470;115450;115410;115480
27/09/18;115450;115440;115420;115470
27/09/18;115440;115390;115380;115460
27/09/18;115390;115350;115330;115390
27/09/18;115340;115280;115280;115370
27/09/18;115280;115290;115270;115350
27/09/18;115280;115250;115230;115290
27/09/18;115250;115250;115220;115260
27/09/18;115240;115260;115210;115270
27/09/18;115250;115250;115200;115270
27/09/18;115230;115310;115210;115310
27/09/18;115310;115260;115250;115320
27/09/18;115260;115260;115240;115310
27/09/18;115250;115240;115230;115270
27/09/18;115230;115200;115140;115250
27/09/18;115190;115290;115170;115300
27/09/18;115280;115500;115280;115660
27/09/18;115490;115600;115470;115640
27/09/18;115600;115730;115600;115780
27/09/18;115720;115790;115680;115790
27/09/18;115790;115740;115660;115790
27/09/18;115730;115890;115700;115920
27/09/18;115890;115870;115870;115970
27/09/18;115880;116050;115850;116060
27/09/18;116050;115990;115960;116100
27/09/18;115990;115990;115940;116050
27/09/18;115980;115940;115930;115990
27/09/18;115950;115930;115880;115950
27/09/18;115950;115880;115870;115950
27/09/18;115870;115800;115800;115900
27/09/18;115800;115840;115790;115890
27/09/18;115850;115820;115820;115880
27/09/18;115830;115770;115770;115860
27/09/18;115790;115830;115740;115850
27/09/18;115850;115900;115830;115900
27/09/18;115900;115920;115880;115940
27/09/18;115910;115930;115880;115940
27/09/18;115920;115870;115870;115950
27/09/18;115870;115850;115820;115900
27/09/18;115870;115860;115850;115900
27/09/18;115870;115880;115860;115900
27/09/18;115900;115840;115780;115910
27/09/18;115850;115910;115830;115930
27/09/18;115900;115930;115900;115950
27/09/18;115930;115970;115920;115970
27/09/18;115960;115960;115900;116020
27/09/18;115960;115950;115920;116040
27/09/18;115950;115900;115870;115950
27/09/18;115890;116010;115880;116010
27/09/18;115990;116010;115980;116030
27/09/18;116030;115970;115970;116030
27/09/18;115970;116030;115970;116030
27/09/18;116030;116140;116030;116250
27/09/18;116150;116110;116080;116160
27/09/18;116110;116160;116110;116180
27/09/18;116160;116090;116090;116210
27/09/18;116090;116020;116020;116150
27/09/18;116020;116030;116010;116080
27/09/18;116040;116060;116030;116080
27/09/18;116060;116010;116010;116140
27/09/18;116010;116010;116010;116060
27/09/18;116010;116000;116000;116030
27/09/18;116000;116050;115980;116060
27/09/18;116040;116020;115990;116040
27/09/18;116020;115980;115980;116050
27/09/18;115970;115980;115920;116000
27/09/18;115990;116030;115960;116040
27/09/18;116020;116010;115920;116030
27/09/18;116010;116060;116000;116090
27/09/18;116060;116000;116000;116080
27/09/18;116010;116000;115990;116060
27/09/18;115990;116010;115990;116040
27/09/18;116010;115910;115890;116020
27/09/18;115910;115970;115890;115970
27/09/18;115970;115940;115910;115970
27/09/18;115930;115980;115930;116000
27/09/18;115990;116030;115980;116050
27/09/18;116030;116010;116000;116050
27/09/18;116020;116010;115990;116070
27/09/18;116010;116050;115980;116070
27/09/18;116060;116050;115990;116060
27/09/18;116030;116050;116030;116080
27/09/18;116040;116030;116030;116050
27/09/18;116030;116100;116030;116120
27/09/18;116090;116050;116040;116100
27/09/18;116060;116090;116050;116120
27/09/18;116100;116110;116090;116120
27/09/18;116120;116130;116090;116140
27/09/18;116120;116080;116080;116120
27/09/18;116080;116130;116080;116150
27/09/18;116130;116110;116090;116150
27/09/18;116120;116090;116060;116120
27/09/18;116100;116100;116070;116120
27/09/18;116100;116100;116080;116140
27/09/18;116110;116080;116080;116110
27/09/18;116080;116080;116040;116090
27/09/18;116070;116040;116040;116070
27/09/18;116030;116040;116030;116080
27/09/18;116060;116030;116030;116070
27/09/18;116030;115990;115990;116030
27/09/18;115990;115960;115940;116010
27/09/18;115970;115980;115950;116010
27/09/18;115980;115990;115980;116020
27/09/18;115990;115970;115950;115990
27/09/18;115970;116030;115960;116030
27/09/18;116030;116000;115990;116030
27/09/18;116000;116000;115970;116010
27/09/18;116000;115960;115960;116000
27/09/18;115960;115990;115950;115990
27/09/18;115990;115990;115980;116000
27/09/18;115990;115970;115970;116020
27/09/18;115980;115940;115900;115990
27/09/18;115950;115950;115940;115970
27/09/18;115970;115960;115940;115970
27/09/18;115930;115910;115910;115930
27/09/18;115920;115900;115890;115940
27/09/18;115910;115930;115850;115930
27/09/18;115940;115930;115920;115940
27/09/18;115930;115890;115890;115930
27/09/18;115900;115940;115890;115940
27/09/18;115930;116000;115920;116000
27/09/18;116010;116080;115990;116090
27/09/18;116070;116050;116030;116120
27/09/18;116060;116000;116000;116070
27/09/18;116000;116060;116000;116110
27/09/18;116060;116110;116060;116150
27/09/18;116100;116160;116090;116160
27/09/18;116160;116280;116140;116340
27/09/18;116280;116220;116220;116290
27/09/18;116230;116300;116230;116310
27/09/18;116300;116240;116230;116340
27/09/18;116240;116230;116210;116280
27/09/18;116220;116120;116110;116220
27/09/18;116130;116160;116120;116180
27/09/18;116180;116210;116170;116250
27/09/18;116210;116180;116180;116240
27/09/18;116200;116220;116170;116260
27/09/18;116230;116230;116190;116250
27/09/18;116240;116220;116190;116250
27/09/18;116210;116260;116190;116330
27/09/18;116290;116370;116280;116440
27/09/18;116380;116350;116330;116420
27/09/18;116350;116310;116310;116360
27/09/18;116330;116340;116310;116350
27/09/18;116330;116340;116300;116350
27/09/18;116350;116390;116320;116390
27/09/18;116390;116360;116350;116440
27/09/18;116350;116330;116320;116390
27/09/18;116330;116400;116320;116410
27/09/18;116380;116400;116380;116430
27/09/18;116410;116340;116340;116410
27/09/18;116350;116340;116300;116360
27/09/18;116350;116320;116310;116370
27/09/18;116320;116340;116320;116340
27/09/18;116350;116330;116300;116350
27/09/18;116330;116370;116320;116370
27/09/18;116370;116360;116340;116380
27/09/18;116340;116370;116330;116370
27/09/18;116370;116340;116340;116390
27/09/18;116350;116350;116330;116360
27/09/18;116340;116280;116270;116350
27/09/18;116280;116320;116270;116330
27/09/18;116320;116310;116310;116350
27/09/18;116330;116310;116310;116330
27/09/18;116310;116350;116300;116350
27/09/18;116360;116340;116330;116370
27/09/18;116330;116350;116330;116360
27/09/18;116340;116350;116340;116380
27/09/18;116350;116330;116300;116360
27/09/18;116340;116550;116330;116560
27/09/18;116540;116510;116490;116610
27/09/18;116510;116480;116470;116530
27/09/18;116480;116540;116470;116560
27/09/18;116530;116550;116530;116600
27/09/18;116550;116550;116530;116570
27/09/18;116560;116640;116560;116660
27/09/18;116640;116650;116610;116680
27/09/18;116660;116710;116640;116810
27/09/18;116720;116700;116640;116740
27/09/18;116710;116720;116700;116740
27/09/18;116730;116730;116710;116740
27/09/18;116720;116670;116670;116730
27/09/18;116670;116650;116600;116700
27/09/18;116660;116700;116650;116710
27/09/18;116700;116690;116660;116720
27/09/18;116690;116690;116680;116730
27/09/18;116690;116690;116680;116700
27/09/18;116690;116680;116680;116700
27/09/18;116680;116730;116670;116740
27/09/18;116730;116770;116720;116780
27/09/18;116770;116760;116760;116850
27/09/18;116760;116810;116750;116810
27/09/18;116810;116800;116790;116850
27/09/18;116810;116860;116790;116870
27/09/18;116860;116810;116810;116930
27/09/18;116830;116900;116830;116900
27/09/18;116900;116900;116860;116920
27/09/18;116900;116880;116880;116920
27/09/18;116880;116770;116770;116880
27/09/18;116780;116810;116770;116820
27/09/18;116810;116780;116760;116810
27/09/18;116790;116790;116780;116840
27/09/18;116790;116780;116770;116820
27/09/18;116800;116800;116780;116810
27/09/18;116800;116870;116800;116870
27/09/18;116870;116840;116820;116880
27/09/18;116850;116850;116830;116870
27/09/18;116850;116830;116810;116860
27/09/18;116820;116780;116770;116820
27/09/18;116780;116780;116760;116790
27/09/18;116770;116760;116750;116780
27/09/18;116760;116780;116740;116780
27/09/18;116780;116790;116770;116820
27/09/18;116770;116760;116730;116780
27/09/18;116750;116740;116710;116760
27/09/18;116750;116710;116670;116750
27/09/18;116690;116640;116620;116710
27/09/18;116630;116710;116630;116720
27/09/18;116710;116680;116630;116710
27/09/18;116670;116690;116670;116730
27/09/18;116680;116710;116680;116750
27/09/18;116720;116700;116690;116740
27/09/18;116700;116740;116700;116750
27/09/18;116740;116760;116740;116770
27/09/18;116750;116740;116730;116760
27/09/18;116730;116720;116710;116770
27/09/18;116720;116730;116700;116740
27/09/18;116740;116730;116700;116750
27/09/18;116730;116700;116620;116730
27/09/18;116690;116690;116660;116710
27/09/18;116700;116710;116700;116740
27/09/18;116700;116720;116700;116730
27/09/18;116730;116770;116710;116780
27/09/18;116750;116780;116740;116790
27/09/18;116780;116790;116780;116830
27/09/18;116780;116770;116740;116780
27/09/18;116740;116750;116720;116770
27/09/18;116750;116700;116700;116750
27/09/18;116700;116690;116680;116730
27/09/18;116690;116640;116640;116710
27/09/18;116640;116610;116610;116670
27/09/18;116620;116650;116560;116660
27/09/18;116640;116690;116640;116690
27/09/18;116690;116710;116680;116720
27/09/18;116700;116680;116650;116710
27/09/18;116680;116680;116670;116730
27/09/18;116680;116720;116670;116730
27/09/18;116720;116750;116670;116760
27/09/18;116750;116740;116710;116750
27/09/18;116750;116740;116730;116780
27/09/18;116750;116710;116710;116770
27/09/18;116710;116690;116680;116730
27/09/18;116690;116680;116660;116720
27/09/18;116680;116670;116630;116690
27/09/18;116650;116700;116650;116710
27/09/18;116700;116690;116670;116750
27/09/18;116690;116670;116660;116710
27/09/18;116680;116610;116600;116680
27/09/18;116620;116660;116600;116660
27/09/18;116650;116640;116620;116680
27/09/18;116640;116680;116640;116680
27/09/18;116680;116710;116670;116720
27/09/18;116710;116730;116700;116740
27/09/18;116720;116730;116700;116770
27/09/18;116720;116680;116680;116730
27/09/18;116680;116710;116680;116730
27/09/18;116720;116740;116700;116760
27/09/18;116740;116740;116710;116810
27/09/18;116730;116760;116720;116780
27/09/18;116780;116820;116780;116830
27/09/18;116830;116830;116800;116850
27/09/18;116830;116830;116820;116850
27/09/18;116830;116840;116810;116850
27/09/18;116820;116830;116820;116840
27/09/18;116830;116880;116820;116900
27/09/18;116870;116930;116860;116930
27/09/18;116910;116940;116890;116950
27/09/18;116940;116880;116880;116950
27/09/18;116880;116860;116840;116890
27/09/18;116860;116860;116860;116900
27/09/18;116860;116880;116850;116880
27/09/18;116860;116890;116860;116890
27/09/18;116890;116930;116870;116930
27/09/18;116930;116910;116880;116940
27/09/18;116920;116910;116900;116940
27/09/18;116920;116820;116810;116920
27/09/18;116820;116760;116760;116830
27/09/18;116770;116680;116620;116770
27/09/18;116690;116660;116650;116720
27/09/18;116670;116680;116620;116710
27/09/18;116690;116700;116680;116720
27/09/18;116710;116580;116560;116710
27/09/18;116590;116580;116560;116600
27/09/18;116570;116500;116450;116590
27/09/18;116500;116470;116410;116570
27/09/18;116460;116630;116450;116650
27/09/18;116630;116640;116600;116650
27/09/18;116640;116660;116620;116670
27/09/18;116660;116710;116650;116740
27/09/18;116700;116670;116630;116720
27/09/18;116680;116720;116660;116730
27/09/18;116710;116740;116650;116740
27/09/18;116740;116730;116710;116770
27/09/18;116730;116680;116670;116730
27/09/18;116680;116670;116640;116700
27/09/18;116690;116690;116670;116700
27/09/18;116680;116560;116550;116690
27/09/18;116560;116620;116550;116650
27/09/18;116640;116670;116560;116670
27/09/18;116670;116640;116610;116670
27/09/18;116640;116720;116640;116740
27/09/18;116710;116740;116700;116780
27/09/18;116740;116730;116720;116750
27/09/18;116740;116770;116720;116780
27/09/18;116770;116710;116710;116780
27/09/18;116720;116780;116700;116820
27/09/18;116770;116830;116760;116830
27/09/18;116820;116760;116750;116820
27/09/18;116760;116800;116750;116800
27/09/18;116780;116690;116670;116790
27/09/18;116690;116710;116660;116720
27/09/18;116710;116590;116590;116710
27/09/18;116590;116630;116550;116640
27/09/18;116630;116700;116620;116700
27/09/18;116690;116680;116650;116690
27/09/18;116680;116650;116650;116700
27/09/18;116650;116610;116560;116660
27/09/18;116610;116610;116550;116620
27/09/18;116610;116570;116560;116620
27/09/18;116560;116540;116520;116580
27/09/18;116540;116590;116530;116610
27/09/18;116600;116550;116550;116610
27/09/18;116560;116570;116550;116610
27/09/18;116560;116550;116530;116560
27/09/18;116550;116550;116530;116580
27/09/18;116550;116630;116550;116660
27/09/18;116630;116640;116610;116670
27/09/18;116640;116630;116610;116650
27/09/18;116630;116640;116610;116650
27/09/18;116640;116690;116630;116690
27/09/18;116690;116720;116680;116760
27/09/18;116730;116790;116720;116790
27/09/18;116790;116800;116760;116800
27/09/18;116800;116790;116760;116820
27/09/18;116800;116780;116750;116810
27/09/18;116790;116780;116760;116820
27/09/18;116770;116790;116750;116800
27/09/18;116790;116760;116750;116800
27/09/18;116750;116780;116750;116790
27/09/18;116780;116790;116760;116800
27/09/18;116800;116800;116780;116820
27/09/18;116790;116730;116690;116820
27/09/18;116730;116780;116730;116790
27/09/18;116790;116790;116770;116810
27/09/18;116800;116790;116760;116800
27/09/18;116800;116800;116780;116810
27/09/18;116800;116800;116770;116800
27/09/18;116790;116860;116780;116870
27/09/18;116860;116830;116830;116870
27/09/18;116830;116860;116830;116880
27/09/18;116850;116770;116770;116870
27/09/18;116780;116740;116740;116800
27/09/18;116740;116780;116740;116790
27/09/18;116790;116800;116770;116800
27/09/18;116800;116780;116720;116810
27/09/18;116770;116820;116750;116820
27/09/18;116810;116750;116730;116810
27/09/18;116750;116740;116740;116800
27/09/18;116750;116790;116720;116800
27/09/18;116800;116760;116730;116800
27/09/18;116760;116790;116760;116800
27/09/18;116780;116820;116780;116840
27/09/18;116830;116800;116790;116890
27/09/18;116800;116790;116780;116810
27/09/18;116790;116760;116750;116810
27/09/18;116770;116790;116750;116790
27/09/18;116790;116800;116780;116810
27/09/18;116790;116780;116770;116810
27/09/18;116780;116770;116770;116800
27/09/18;116770;116800;116750;116800
27/09/18;116800;116780;116770;116810
27/09/18;116800;116740;116740;116800
27/09/18;116750;116780;116750;116790
27/09/18;116780;116720;116710;116800
27/09/18;116720;116760;116720;116780
27/09/18;116750;116770;116750;116800
27/09/18;116770;116750;116710;116780
27/09/18;116760;116730;116710;116760
27/09/18;116710;116690;116690;116720
27/09/18;116700;116670;116660;116730
27/09/18;116670;116710;116660;116740
27/09/18;116710;116730;116680;116740
27/09/18;116740;116750;116740;116760
27/09/18;116750;116800;116750;116800
27/09/18;116790;116770;116750;116800
27/09/18;116770;116740;116720;116770
27/09/18;116750;116800;116730;116810
27/09/18;116790;116820;116780;116850
27/09/18;116810;116820;116800;116850
27/09/18;116820;116850;116820;116880
27/09/18;116870;116840;116840;116890
27/09/18;116830;116850;116820;116860
27/09/18;116850;116850;116830;116870
27/09/18;116860;116870;116860;116890
27/09/18;116880;116910;116870;116920
27/09/18;116890;116940;116870;116950
27/09/18;116930;116960;116900;116980
27/09/18;116950;116910;116910;116960
27/09/18;116920;116920;116890;116930
27/09/18;116920;116920;116880;116940
27/09/18;116910;116870;116800;116910
27/09/18;116870;116830;116830;116870
27/09/18;116830;116930;116820;116950
27/09/18;116940;116920;116920;116960
27/09/18;116930;116950;116900;116960
27/09/18;116950;116930;116900;116960
27/09/18;116940;116920;116840;116960
27/09/18;116940;116980;116920;116980
27/09/18;116980;117040;116960;117100
27/09/18;117040;117070;117020;117090
27/09/18;117130;117330;117060;117390
27/09/18;117330;117330;117290;117430
27/09/18;117350;117380;117350;117420
27/09/18;117370;117460;117370;117570
27/09/18;117450;117400;117380;117460
27/09/18;117410;117390;117350;117420
27/09/18;117390;117310;117290;117390
27/09/18;117310;117350;117260;117350
27/09/18;117350;117430;117340;117430
27/09/18;117430;117390;117370;117440
27/09/18;117390;117350;117350;117440
27/09/18;117350;117370;117340;117390
27/09/18;117370;117380;117360;117440
27/09/18;117380;117430;117370;117440
27/09/18;117430;117560;117420;117670
27/09/18;117570;117520;117510;117650
27/09/18;117530;117460;117450;117530
27/09/18;117450;117480;117420;117480
27/09/18;117480;117440;117440;117490
27/09/18;117450;117380;117370;117500
27/09/18;117400;117430;117370;117440
27/09/18;117430;117540;117430;117550
27/09/18;117540;117530;117500;117550
27/09/18;117530;117570;117490;117580
27/09/18;117570;117540;117530;117590
27/09/18;117560;117610;117540;117640
27/09/18;117630;117650;117620;117710
27/09/18;117630;117660;117620;117670
27/09/18;117650;117640;117630;117720
27/09/18;117630;117640;117610;117670
27/09/18;117630;117610;117610;117630
27/09/18;117610;117640;117610;117670
27/09/18;117640;117650;117630;117670
27/09/18;117640;117620;117610;117650
27/09/18;117620;117640;117620;117680
27/09/18;117640;117650;117640;117720
27/09/18;117650;117610;117610;117680
27/09/18;117610;117570;117540;117620
27/09/18;117570;117580;117570;117590
27/09/18;117580;117560;117560;117600
27/09/18;117560;117570;117550;117590
27/09/18;117570;117550;117530;117570
27/09/18;117550;117600;117550;117620
27/09/18;117620;117560;117550;117650
27/09/18;117570;117590;117550;117620
27/09/18;117600;117620;117600;117640
27/09/18;117610;117610;117590;117620
27/09/18;117610;117540;117540;117610
27/09/18;117540;117550;117530;117570
27/09/18;117560;117600;117550;117600
27/09/18;117590;117570;117560;117620
27/09/18;117580;117550;117540;117580
27/09/18;117560;117500;117490;117560
27/09/18;117510;117470;117460;117510
27/09/18;117490;117530;117460;117550
27/09/18;117530;117490;117480;117550
27/09/18;117500;117520;117470;117530
27/09/18;117530;117540;117510;117540
27/09/18;117550;117560;117530;117570
27/09/18;117550;117470;117450;117550
27/09/18;117490;117450;117410;117490
27/09/18;117440;117390;117380;117440
27/09/18;117390;117380;117370;117410
27/09/18;117380;117390;117370;117400
27/09/18;117390;117400;117380;117400
27/09/18;117400;117410;117390;117430
27/09/18;117410;117420;117400;117440
27/09/18;117440;117380;117370;117440
27/09/18;117370;117340;117340;117390
27/09/18;117360;117380;117340;117390
27/09/18;117370;117330;117330;117380
27/09/18;117340;117390;117330;117400
27/09/18;117390;117390;117370;117400
27/09/18;117380;117410;117370;117420
27/09/18;117410;117400;117380;117410
27/09/18;117380;117370;117370;117390
27/09/18;117360;117320;117280;117360
27/09/18;117320;117310;117300;117330
27/09/18;117320;117300;117300;117330
27/09/18;117300;117330;117280;117350
27/09/18;117320;117340;117270;117350
27/09/18;117350;117340;117340;117370
27/09/18;117350;117340;117340;117370
27/09/18;117360;117310;117300;117370
27/09/18;117310;117330;117310;117350
27/09/18;117330;117380;117320;117390
27/09/18;117380;117400;117370;117450
27/09/18;117400;117490;117400;117500
27/09/18;117500;117480;117480;117520
27/09/18;117490;117500;117480;117530
27/09/18;117480;117530;117470;117530
27/09/18;117530;117550;117500;117550
27/09/18;117550;117580;117530;117590
27/09/18;117570;117560;117510;117590
27/09/18;117550;117490;117470;117570
27/09/18;117500;117530;117480;117550
27/09/18;117520;117550;117480;117550
27/09/18;117540;117400;117400;117560
27/09/18;117400;117470;117400;117500
27/09/18;117480;117490;117470;117500
27/09/18;117490;117480;117450;117510
27/09/18;117490;117440;117430;117500
27/09/18;117440;117450;117440;117460
27/09/18;117460;117480;117440;117480
27/09/18;117480;117450;117450;117480
27/09/18;117450;117510;117440;117510
27/09/18;117510;117560;117510;117570
27/09/18;117560;117600;117540;117600
27/09/18;117590;117560;117550;117600
27/09/18;117560;117500;117490;117560
27/09/18;117490;117510;117480;117520
27/09/18;117500;117500;117490;117520
27/09/18;117510;117550;117510;117580
27/09/18;117560;117590;117540;117590
27/09/18;117560;117500;117490;117570
27/09/18;117510;117560;117510;117580
27/09/18;117560;117530;117500;117560
27/09/18;117530;117530;117520;117550
27/09/18;117530;117530;117520;117570
27/09/18;117530;117510;117480;117530
27/09/18;117500;117470;117450;117510
27/09/18;117450;117480;117450;117480
27/09/18;117460;117460;117430;117460
27/09/18;117450;117470;117440;117490
27/09/18;117480;117450;117450;117480
27/09/18;117460;117490;117440;117500
27/09/18;117490;117470;117470;117510
27/09/18;117460;117480;117450;117500
27/09/18;117480;117480;117470;117490
27/09/18;117490;117480;117470;117490
27/09/18;117480;117490;117480;117500
27/09/18;117500;117510;117490;117520
27/09/18;117520;117530;117520;117540
27/09/18;117530;117520;117520;117540
27/09/18;117530;117500;117490;117530
27/09/18;117500;117530;117500;117530
27/09/18;117520;117530;117500;117550
27/09/18;117540;117530;117520;117550
27/09/18;117530;117480;117480;117540
27/09/18;117490;117460;117460;117510
27/09/18;117460;117490;117460;117490
27/09/18;117480;117480;117470;117500
27/09/18;117480;117450;117420;117480
27/09/18;117460;117420;117420;117460
27/09/18;117420;117420;117400;117450
27/09/18;117410;117420;117410;117440
27/09/18;117440;117430;117430;117440
27/09/18;117440;117450;117410;117470
27/09/18;117460;117470;117440;117470
27/09/18;117480;117450;117430;117490
27/09/18;117450;117470;117430;117470
27/09/18;117470;117490;117460;117490
27/09/18;117480;117500;117480;117500
27/09/18;117500;117500;117490;117510
27/09/18;117510;117500;117490;117520
27/09/18;117490;117480;117480;117490
27/09/18;117480;117620;117460;117640
27/09/18;117610;117580;117520;117620
27/09/18;117560;117550;117550;117570
27/09/18;117540;117550;117540;117560
27/09/18;117550;117570;117550;117570
27/09/18;117570;117550;117540;117570
27/09/18;117560;117550;117550;117560
27/09/18;117540;117540;117530;117560
27/09/18;117550;117550;117530;117550
27/09/18;117550;117540;117530;117560
27/09/18;117550;117520;117520;117550
27/09/18;117520;117540;117520;117540
27/09/18;117530;117570;117530;117570
27/09/18;117560;117570;117550;117570
27/09/18;117570;117560;117560;117590
27/09/18;117560;117560;117550;117560
27/09/18;117550;117540;117540;117560
27/09/18;117550;117520;117520;117560
27/09/18;117520;117470;117450;117520
27/09/18;117460;117460;117450;117470
27/09/18;117460;117480;117440;117490
27/09/18;117470;117490;117470;117510
27/09/18;117490;117470;117470;117500
27/09/18;117480;117500;117480;117510
27/09/18;117490;117540;117480;117540
27/09/18;117520;117510;117510;117530
27/09/18;117520;117540;117500;117540
27/09/18;117530;117510;117510;117530
27/09/18;117500;117470;117460;117500
27/09/18;117460;117430;117420;117480
27/09/18;117420;117450;117410;117450
27/09/18;117450;117460;117440;117470
27/09/18;117460;117470;117460;117470
27/09/18;117460;117430;117430;117460
27/09/18;117430;117420;117410;117460
27/09/18;117410;117370;117350;117430
27/09/18;117380;117360;117350;117380
27/09/18;117350;117430;117350;117430
27/09/18;117440;117410;117410;117440
27/09/18;117400;117400;117400;117400
27/09/18;117390;117360;117360;117390
27/09/18;117360;117370;117360;117370
27/09/18;117360;117360;117360;117380
27/09/18;117360;117360;117350;117370
27/09/18;117360;117320;117320;117370
27/09/18;117320;117310;117300;117350
27/09/18;117310;117370;117310;117370
27/09/18;117350;117340;117340;117370
27/09/18;117350;117370;117340;117370
27/09/18;117360;117330;117300;117360
27/09/18;117320;117330;117320;117350
27/09/18;117330;117320;117310;117350
27/09/18;117320;117330;117320;117340
27/09/18;117320;117340;117320;117370
27/09/18;117360;117370;117360;117370
27/09/18;117360;117380;117350;117390
27/09/18;117380;117380;117370;117400
27/09/18;117370;117390;117370;117400
27/09/18;117400;117390;117380;117400
27/09/18;117380;117360;117350;117380
27/09/18;117350;117340;117310;117350
27/09/18;117350;117360;117350;117380
27/09/18;117360;117320;117320;117370
27/09/18;117320;117310;117310;117320
27/09/18;117310;117350;117300;117350
27/09/18;117350;117350;117340;117370
27/09/18;117350;117350;117350;117370
27/09/18;117350;117330;117320;117350
27/09/18;117320;117310;117300;117320
27/09/18;117300;117330;117280;117330
27/09/18;117330;117360;117330;117360
27/09/18;117350;117350;117330;117360
27/09/18;117340;117340;117320;117340
27/09/18;117330;117340;117330;117350
27/09/18;117330;117350;117310;117370
27/09/18;117350;117360;117350;117370
27/09/18;117370;117360;117360;117390
27/09/18;117370;117510;117370;117610
27/09/18;117510;117400;117380;117510
27/09/18;117380;117370;117320;117390
27/09/18;117370;117370;117360;117390
27/09/18;117380;117340;117340;117380
27/09/18;117350;117360;117350;117370
27/09/18;117360;117350;117330;117380
27/09/18;117330;117350;117310;117350
27/09/18;117350;117310;117300;117350
27/09/18;117330;117340;117320;117340
27/09/18;117320;117330;117310;117340
27/09/18;117340;117340;117330;117360
27/09/18;117330;117360;117300;117360
27/09/18;117350;117350;117350;117350
27/09/18;117350;117330;117330;117360
27/09/18;117320;117320;117300;117340
27/09/18;117320;117290;117270;117320
27/09/18;117270;117270;117250;117290
27/09/18;117260;117270;117250;117270
27/09/18;117260;117250;117250;117270
27/09/18;117270;117280;117250;117280
27/09/18;117280;117300;117270;117300
27/09/18;117290;117300;117290;117310
27/09/18;117320;117300;117300;117320
27/09/18;117310;117300;117300;117320
27/09/18;117300;117290;117280;117310
27/09/18;117300;117290;117290;117300
27/09/18;117290;117280;117280;117290
27/09/18;117270;117270;117270;117270
27/09/18;117270;117290;117270;117290
27/09/18;117290;117290;117290;117290
27/09/18;117280;117280;117280;117300
27/09/18;117270;117250;117240;117270
27/09/18;117240;117200;117180;117240
27/09/18;117200;117160;117160;117210
27/09/18;117160;117170;117160;117180
27/09/18;117170;117160;117140;117170
27/09/18;117170;117080;117080;117180
27/09/18;117080;117080;117040;117080
27/09/18;117070;117080;117040;117090
27/09/18;117090;117080;117050;117100
27/09/18;117100;117060;117050;117100
27/09/18;117050;117030;117000;117060
27/09/18;117010;117010;117000;117030
27/09/18;117010;117010;116990;117020
27/09/18;117010;116970;116960;117020
27/09/18;116960;116980;116960;117000
27/09/18;116990;117010;116980;117030
27/09/18;117010;117010;117000;117020
27/09/18;117010;117000;116980;117010
27/09/18;116990;117090;116960;117100
27/09/18;117090;117050;116960;117090
27/11/18;108380;109300;108130;109340
27/11/18;109310;109190;109160;109480
27/11/18;109180;109080;109050;109260
27/11/18;109070;108950;108830;109080
27/11/18;108940;109020;108830;109020
27/11/18;109010;109090;109010;109130
27/11/18;109090;109290;109090;109370
27/11/18;109270;109190;109020;109310
27/11/18;109180;109170;109130;109230
27/11/18;109170;109180;109140;109200
27/11/18;109190;109070;109040;109200
27/11/18;109070;109070;109050;109140
27/11/18;109080;109110;109080;109200
27/11/18;109110;109000;109000;109130
27/11/18;109000;109020;108960;109070
27/11/18;109010;109080;109000;109100
27/11/18;109090;109100;109050;109110
27/11/18;109100;109140;109090;109140
27/11/18;109140;109190;109130;109210
27/11/18;109200;109200;109150;109240
27/11/18;109200;109230;109180;109240
27/11/18;109230;109250;109210;109270
27/11/18;109250;109280;109250;109280
27/11/18;109280;109260;109210;109300
27/11/18;109260;109190;109190;109290
27/11/18;109190;109090;109060;109210
27/11/18;109100;109150;109080;109170
27/11/18;109150;109150;109140;109230
27/11/18;109160;109160;109150;109230
27/11/18;109170;109240;109140;109240
27/11/18;109240;109280;109210;109330
27/11/18;109290;109410;109280;109460
27/11/18;109420;109650;109420;109880
27/11/18;109660;109740;109650;109790
27/11/18;109740;109810;109720;109880
27/11/18;109800;109680;109660;109840
27/11/18;109660;109750;109590;109780
27/11/18;109750;109660;109660;109760
27/11/18;109680;109660;109640;109760
27/11/18;109650;109710;109650;109740
27/11/18;109700;109670;109660;109720
27/11/18;109660;109670;109630;109720
27/11/18;109670;109620;109600;109700
27/11/18;109620;109580;109560;109650
27/11/18;109570;109620;109560;109620
27/11/18;109610;109590;109570;109620
27/11/18;109590;109650;109570;109650
27/11/18;109630;109630;109600;109670
27/11/18;109630;109650;109590;109660
27/11/18;109640;109580;109580;109670
27/11/18;109590;109640;109580;109650
27/11/18;109630;109650;109630;109690
27/11/18;109660;109680;109610;109710
27/11/18;109680;109690;109640;109690
27/11/18;109690;109680;109630;109700
27/11/18;109680;109640;109630;109700
27/11/18;109640;109570;109540;109640
27/11/18;109590;109530;109470;109600
27/11/18;109530;109520;109500;109610
27/11/18;109520;109510;109440;109530
27/11/18;109520;109370;109330;109590
27/11/18;109370;109470;109360;109510
27/11/18;109470;109510;109440;109510
27/11/18;109520;109600;109490;109640
27/11/18;109600;109440;109360;109620
27/11/18;109430;109420;109400;109470
27/11/18;109420;109220;109180;109460
27/11/18;109220;109330;109200;109370
27/11/18;109330;109330;109280;109360
27/11/18;109340;109360;109330;109400
27/11/18;109360;109360;109320;109410
27/11/18;109370;109300;109280;109370
27/11/18;109300;109390;109270;109400
27/11/18;109400;109280;109270;109420
27/11/18;109290;109340;109280;109370
27/11/18;109340;109260;109200;109410
27/11/18;109240;109150;109110;109240
27/11/18;109150;109200;109070;109210
27/11/18;109210;109150;109090;109210
27/11/18;109150;109160;109140;109200
27/11/18;109170;109160;109090;109190
27/11/18;109170;109020;108960;109170
27/11/18;109020;108930;108900;109030
27/11/18;108940;108980;108890;109020
27/11/18;108990;108980;108970;109020
27/11/18;108970;109030;108900;109030
27/11/18;109030;109080;108990;109120
27/11/18;109080;109110;109060;109140
27/11/18;109120;109150;109120;109190
27/11/18;109160;109150;109130;109250
27/11/18;109170;109070;109070;109200
27/11/18;109070;109050;109020;109100
27/11/18;109050;109040;109020;109090
27/11/18;109060;109000;108990;109090
27/11/18;109020;109000;108930;109040
27/11/18;109010;108830;108810;109070
27/11/18;108830;108860;108730;108880
27/11/18;108870;108920;108820;108920
27/11/18;108930;108930;108860;108930
27/11/18;108920;108900;108840;108930
27/11/18;108880;108880;108810;108900
27/11/18;108880;108840;108830;108900
27/11/18;108840;108930;108830;108940
27/11/18;108920;108930;108850;108940
27/11/18;108930;108900;108840;108930
27/11/18;108900;108900;108840;108930
27/11/18;108900;108910;108880;108940
27/11/18;108910;108910;108910;109030
27/11/18;108910;108960;108900;108980
27/11/18;108970;108920;108880;109000
27/11/18;108920;108860;108860;108960
27/11/18;108860;108900;108860;108930
27/11/18;108900;108940;108880;108970
27/11/18;108910;108940;108860;108950
27/11/18;108950;109010;108900;109030
27/11/18;109000;109010;109000;109120
27/11/18;109030;108990;108970;109060
27/11/18;108970;108960;108900;109000
27/11/18;108960;108940;108940;109000
27/11/18;108940;108970;108870;108990
27/11/18;108970;108810;108770;109000
27/11/18;108810;108800;108770;108840
27/11/18;108790;108790;108670;108800
27/11/18;108780;108810;108780;108850
27/11/18;108810;108780;108690;108820
27/11/18;108770;108830;108760;108850
27/11/18;108820;108710;108630;108820
27/11/18;108730;108820;108720;108850
27/11/18;108820;108830;108820;108890
27/11/18;108820;108820;108810;108860
27/11/18;108830;108720;108700;108840
27/11/18;108720;108840;108710;108850
27/11/18;108840;108780;108770;108840
27/11/18;108790;108820;108780;108840
27/11/18;108810;108850;108800;108850
27/11/18;108840;108850;108800;108860
27/11/18;108850;108940;108830;108940
27/11/18;108930;108990;108930;109050
27/11/18;108990;109010;108970;109040
27/11/18;109020;109110;109000;109150
27/11/18;109130;109070;109070;109190
27/11/18;109070;109050;109020;109100
27/11/18;109050;109000;108990;109060
27/11/18;109000;109040;108990;109060
27/11/18;109040;109070;109040;109120
27/11/18;109060;109110;109050;109130
27/11/18;109130;109130;109100;109160
27/11/18;109140;109140;109100;109190
27/11/18;109140;109230;109120;109290
27/11/18;109220;109170;109160;109280
27/11/18;109180;109220;109170;109230
27/11/18;109210;109250;109200;109250
27/11/18;109250;109430;109240;109450
27/11/18;109430;109410;109400;109470
27/11/18;109410;109460;109410;109460
27/11/18;109460;109420;109400;109480
27/11/18;109420;109420;109390;109440
27/11/18;109420;109400;109370;109430
27/11/18;109400;109410;109380;109450
27/11/18;109410;109370;109370;109450
27/11/18;109380;109480;109360;109480
27/11/18;109480;109480;109430;109510
27/11/18;109480;109410;109380;109480
27/11/18;109410;109390;109360;109420
27/11/18;109380;109360;109360;109400
27/11/18;109370;109330;109300;109390
27/11/18;109330;109340;109310;109370
27/11/18;109330;109290;109280;109350
27/11/18;109290;109230;109210;109310
27/11/18;109220;109310;109220;109330
27/11/18;109320;109320;109300;109340
27/11/18;109310;109410;109290;109440
27/11/18;109410;109280;109280;109430
27/11/18;109280;109440;109280;109450
27/11/18;109430;109320;109290;109450
27/11/18;109330;109250;109240;109350
27/11/18;109240;109250;109240;109280
27/11/18;109250;109270;109210;109280
27/11/18;109280;109190;109180;109280
27/11/18;109180;109160;109120;109210
27/11/18;109170;109170;109150;109200
27/11/18;109160;109120;109120;109180
27/11/18;109120;109150;109120;109170
27/11/18;109160;109360;109150;109370
27/11/18;109370;109370;109350;109460
27/11/18;109370;109420;109370;109460
27/11/18;109420;109450;109400;109450
27/11/18;109460;109420;109420;109470
27/11/18;109440;109500;109420;109530
27/11/18;109510;109600;109490;109620
27/11/18;109600;109620;109580;109650
27/11/18;109630;109660;109590;109690
27/11/18;109670;109640;109610;109710
27/11/18;109640;109580;109580;109680
27/11/18;109590;109620;109560;109620
27/11/18;109620;109610;109600;109650
27/11/18;109620;109660;109610;109730
27/11/18;109650;109650;109620;109680
27/11/18;109650;109580;109570;109680
27/11/18;109580;109620;109550;109630
27/11/18;109620;109670;109620;109700
27/11/18;109670;109660;109620;109680
27/11/18;109660;109680;109640;109710
27/11/18;109680;109690;109610;109710
27/11/18;109690;109680;109640;109700
27/11/18;109690;109660;109630;109720
27/11/18;109650;109660;109610;109660
27/11/18;109670;109650;109630;109690
27/11/18;109630;109650;109610;109670
27/11/18;109660;109710;109650;109720
27/11/18;109710;109610;109600;109730
27/11/18;109630;109610;109570;109650
27/11/18;109610;109600;109580;109620
27/11/18;109600;109620;109590;109660
27/11/18;109620;109540;109500;109620
27/11/18;109550;109390;109380;109550
27/11/18;109400;109410;109380;109450
27/11/18;109410;109410;109380;109440
27/11/18;109410;109460;109400;109460
27/11/18;109450;109440;109420;109480
27/11/18;109460;109420;109420;109460
27/11/18;109420;109430;109390;109460
27/11/18;109440;109460;109430;109470
27/11/18;109460;109460;109440;109510
27/11/18;109450;109440;109430;109480
27/11/18;109450;109440;109430;109460
27/11/18;109450;109460;109450;109500
27/11/18;109460;109460;109460;109500
27/11/18;109460;109470;109420;109470
27/11/18;109470;109420;109400;109480
27/11/18;109410;109360;109320;109410
27/11/18;109370;109360;109330;109400
27/11/18;109370;109450;109360;109460
27/11/18;109450;109420;109400;109460
27/11/18;109420;109410;109400;109440
27/11/18;109410;109540;109410;109540
27/11/18;109530;109480;109480;109570
27/11/18;109480;109550;109480;109550
27/11/18;109540;109520;109520;109600
27/11/18;109540;109590;109500;109590
27/11/18;109570;109160;109050;109570
27/11/18;109160;109120;109020;109190
27/11/18;109110;109200;109110;109230
27/11/18;109200;109180;109180;109230
27/11/18;109190;109340;109190;109350
27/11/18;109340;109460;109310;109510
27/11/18;109460;109440;109410;109460
27/11/18;109450;109440;109400;109460
27/11/18;109450;109420;109370;109450
27/11/18;109420;109420;109380;109430
27/11/18;109420;109280;109250;109420
27/11/18;109280;109180;109130;109280
27/11/18;109190;109150;109110;109240
27/11/18;109160;109250;109070;109250
27/11/18;109230;109160;109160;109250
27/11/18;109160;109000;109000;109180
27/11/18;109000;108970;108950;109050
27/11/18;108960;108940;108930;109010
27/11/18;108930;108980;108890;108980
27/11/18;108970;109000;108950;109030
27/11/18;109000;109030;108970;109040
27/11/18;109030;109000;108980;109040
27/11/18;109000;109040;108990;109070
27/11/18;109050;108980;108950;109070
27/11/18;108990;109030;108970;109060
27/11/18;109040;109020;109000;109060
27/11/18;109010;109070;109000;109070
27/11/18;109070;109250;109070;109290
27/11/18;109250;109180;109160;109250
27/11/18;109180;109280;109170;109370
27/11/18;109280;109240;109240;109310
27/11/18;109230;109180;109170;109250
27/11/18;109180;109190;109130;109210
27/11/18;109160;109150;109150;109190
27/11/18;109140;109100;109080;109200
27/11/18;109100;108930;108750;109110
27/11/18;108920;108900;108760;108940
27/11/18;108890;108820;108680;108890
27/11/18;108820;108670;108660;108850
27/11/18;108660;108790;108540;108840
27/11/18;108790;108850;108780;108910
27/11/18;108840;108810;108780;108850
27/11/18;108820;108940;108820;108960
27/11/18;108940;108940;108920;109020
27/11/18;108940;108980;108930;109000
27/11/18;108970;108920;108890;108990
27/11/18;108930;108980;108920;109050
27/11/18;108980;109010;108910;109010
27/11/18;109010;108970;108930;109020
27/11/18;108980;108980;108950;109030
27/11/18;108970;108950;108930;108980
27/11/18;108950;108940;108920;109010
27/11/18;108940;108940;108920;108960
27/11/18;108960;108930;108910;108960
27/11/18;108920;108960;108880;108960
27/11/18;108950;109040;108940;109060
27/11/18;109030;109190;109010;109200
27/11/18;109170;109100;109090;109190
27/11/18;109110;109150;109100;109160
27/11/18;109150;109230;109140;109250
27/11/18;109220;109170;109150;109250
27/11/18;109180;109130;109120;109180
27/11/18;109130;109160;109110;109180
27/11/18;109150;109180;109150;109180
27/11/18;109180;109190;109160;109190
27/11/18;109200;109150;109100;109200
27/11/18;109150;109100;109080;109170
27/11/18;109080;109080;109060;109130
27/11/18;109070;109110;109070;109110
27/11/18;109100;109140;109090;109160
27/11/18;109140;109030;109030;109150
27/11/18;109040;109040;109000;109050
27/11/18;109030;109120;108990;109130
27/11/18;109130;109060;108980;109130
27/11/18;109060;109060;109040;109090
27/11/18;109050;109010;108970;109050
27/11/18;109000;109010;108980;109030
27/11/18;109000;109010;108970;109010
27/11/18;109010;109000;108990;109020
27/11/18;109010;109020;108990;109030
27/11/18;109010;109010;109000;109050
27/11/18;109020;109020;108970;109050
27/11/18;109020;109070;109020;109070
27/11/18;109070;109070;109050;109080
27/11/18;109070;109050;109050;109080
27/11/18;109070;109070;109030;109070
27/11/18;109050;109070;109030;109070
27/11/18;109050;109060;109040;109070
27/11/18;109060;109040;109020;109070
27/11/18;109040;109030;109020;109060
27/11/18;109020;109020;108920;109030
27/11/18;109010;109150;109010;109210
27/11/18;109150;109130;109090;109160
27/11/18;109150;109090;109080;109160
27/11/18;109090;109110;109070;109110
27/11/18;109100;109120;109090;109150
27/11/18;109130;109090;109080;109130
27/11/18;109120;109120;109100;109150
27/11/18;109120;109190;109120;109190
27/11/18;109190;109250;109160;109320
27/11/18;109240;109240;109220;109260
27/11/18;109240;109180;109160;109240
27/11/18;109170;109160;109110;109200
27/11/18;109150;109140;109120;109170
27/11/18;109130;109100;109090;109140
27/11/18;109100;109060;109060;109110
27/11/18;109060;109120;109060;109120
27/11/18;109120;109090;109080;109120
27/11/18;109090;109100;109070;109110
27/11/18;109100;109080;109060;109120
27/11/18;109080;109030;109030;109110
27/11/18;109030;109070;109020;109080
27/11/18;109070;109060;109050;109070
27/11/18;109050;109060;109040;109090
27/11/18;109070;108910;108840;109070
27/11/18;108910;108940;108910;109020
27/11/18;108930;108900;108880;108950
27/11/18;108900;108900;108830;108920
27/11/18;108900;108970;108860;108970
27/11/18;108970;109050;108940;109070
27/11/18;109040;109050;109000;109100
27/11/18;109040;109000;108950;109040
27/11/18;109020;109040;109000;109070
27/11/18;109020;109080;109020;109100
27/11/18;109100;109100;109060;109100
27/11/18;109100;109040;109040;109110
27/11/18;109040;109050;109010;109080
27/11/18;109030;108980;108960;109050
27/11/18;108970;109100;108970;109120
27/11/18;109090;109310;109090;109320
27/11/18;109320;109260;109250;109360
27/11/18;109270;109290;109240;109300
27/11/18;109290;109240;109210;109290
27/11/18;109250;109180;109150;109260
27/11/18;109180;109120;109100;109200
27/11/18;109130;109130;109110;109160
27/11/18;109130;109110;109080;109140
27/11/18;109120;109100;109060;109120
27/11/18;109120;109080;109080;109140
27/11/18;109090;109120;109070;109120
27/11/18;109110;109060;109050;109110
27/11/18;109050;108990;108870;109050
27/11/18;108990;108990;108960;109000
27/11/18;108990;108930;108890;108990
27/11/18;108940;108880;108880;108990
27/11/18;108890;108870;108860;108940
27/11/18;108880;108860;108840;108950
27/11/18;108860;108780;108770;108900
27/11/18;108780;108840;108780;108840
27/11/18;108830;108860;108820;108870
27/11/18;108860;108910;108850;108930
27/11/18;108920;108860;108830;108920
27/11/18;108870;108800;108760;108870
27/11/18;108790;108820;108790;108870
27/11/18;108820;108900;108820;108900
27/11/18;108890;108950;108890;108990
27/11/18;108940;108930;108890;108940
27/11/18;108930;108980;108920;109000
27/11/18;108980;108960;108960;108990
27/11/18;108970;108980;108930;108990
27/11/18;108970;109100;108940;109110
27/11/18;109110;109040;109030;109150
27/11/18;109030;109050;109030;109100
27/11/18;109060;109130;109040;109130
27/11/18;109120;109070;109040;109130
27/11/18;109060;109080;109050;109100
27/11/18;109060;109070;109030;109080
27/11/18;109060;108990;108980;109080
27/11/18;109000;109000;108980;109040
27/11/18;109010;109090;109010;109120
27/11/18;109080;109120;109070;109170
27/11/18;109120;109120;109100;109160
27/11/18;109130;109190;109100;109190
27/11/18;109190;109280;109190;109290
27/11/18;109290;109190;109180;109310
27/11/18;109190;109150;109100;109230
27/11/18;109150;109120;109090;109170
27/11/18;109110;109130;109110;109160
27/11/18;109140;109150;109120;109150
27/11/18;109150;109200;109130;109230
27/11/18;109200;109130;109090;109210
27/11/18;109110;109120;109100;109140
27/11/18;109130;109120;109070;109130
27/11/18;109110;109210;109110;109220
27/11/18;109210;109210;109190;109250
27/11/18;109210;109170;109140;109220
27/11/18;109160;109240;109160;109250
27/11/18;109240;109280;109240;109330
27/11/18;109270;109460;109270;109470
27/11/18;109440;109580;109440;109610
27/11/18;109590;109460;109460;109630
27/11/18;109470;109510;109460;109540
27/11/18;109510;109530;109500;109550
27/11/18;109540;109500;109480;109550
27/11/18;109510;109530;109480;109560
27/11/18;109520;109470;109470;109560
27/11/18;109480;109480;109470;109500
27/11/18;109490;109450;109450;109510
27/11/18;109460;109460;109440;109480
27/11/18;109470;109500;109460;109530
27/11/18;109500;109460;109460;109500
27/11/18;109470;109460;109450;109480
27/11/18;109460;109510;109460;109530
27/11/18;109500;109510;109490;109530
27/11/18;109510;109520;109490;109530
27/11/18;109530;109420;109410;109590
27/11/18;109430;109590;109420;109590
27/11/18;109590;109600;109570;109650
27/11/18;109610;109600;109560;109620
27/11/18;109600;109570;109520;109630
27/11/18;109580;109540;109510;109590
27/11/18;109550;109530;109530;109630
27/11/18;109530;109410;109410;109540
27/11/18;109420;109280;109270;109420
27/11/18;109280;109340;109280;109430
27/11/18;109340;109270;109220;109380
27/11/18;109270;109180;109170;109300
27/11/18;109180;109160;109130;109210
27/11/18;109170;109150;109140;109210
27/11/18;109170;109220;109120;109240
27/11/18;109220;109260;109160;109280
27/11/18;109270;109250;109230;109300
27/11/18;109250;109250;109200;109300
27/11/18;109250;109360;109250;109430
27/11/18;109350;109290;109280;109360
27/11/18;109280;109210;109200;109300
27/11/18;109230;109220;109170;109280
27/11/18;109210;109230;109180;109280
27/11/18;109210;109210;109200;109280
27/11/18;109200;109240;109200;109270
27/11/18;109240;109230;109220;109280
27/11/18;109230;109190;109130;109250
27/11/18;109180;109230;109170;109240
27/11/18;109230;109190;109150;109230
27/11/18;109190;109210;109170;109230
27/11/18;109210;109300;109190;109330
27/11/18;109290;109290;109240;109290
27/11/18;109270;109280;109270;109320
27/11/18;109270;109300;109180;109300
27/11/18;109290;109360;109290;109380
27/11/18;109370;109350;109250;109370
27/11/18;109350;109360;109320;109380
27/11/18;109360;109290;109270;109400
27/11/18;109280;109350;109280;109370
27/11/18;109360;109420;109360;109450
27/11/18;109420;109460;109410;109530
27/11/18;109450;109420;109350;109460
27/11/18;109400;109420;109390;109470
27/11/18;109420;109620;109420;109640
27/11/18;109630;109590;109550;109650
27/11/18;109590;109580;109540;109610
27/11/18;109580;109630;109580;109670
27/11/18;109630;109760;109630;109800
27/11/18;109760;109730;109710;109940
27/11/18;109740;109830;109650;109860
27/11/18;109830;109680;109650;109870
27/11/18;109690;109660;109620;109700
27/11/18;109660;109630;109610;109680
27/11/18;109640;109670;109630;109700
27/11/18;109670;109680;109640;109700
27/11/18;109670;109630;109620;109730
27/11/18;109620;109590;109570;109640
27/11/18;109600;109580;109540;109620
27/11/18;109570;109610;109570;109630
27/11/18;109610;109580;109560;109620
27/11/18;109590;109660;109580;109680
27/11/18;109670;109570;109560;109670
27/11/18;109560;109600;109560;109620
27/11/18;109600;109610;109570;109640
27/11/18;109610;109590;109560;109610
27/11/18;109570;109560;109560;109600
27/11/18;109570;109540;109540;109580
27/11/18;109540;109540;109530;109580
27/11/18;109550;109630;109510;109630
27/11/18;109630;109680;109590;109680
27/11/18;109670;109750;109670;109780
27/11/18;109760;109730;109710;109780
27/11/18;109730;109630;109590;109750
27/11/18;109640;109770;109620;109780
27/11/18;109770;109790;109740;109840
27/11/18;109840;109960;109840;110340
27/11/18;109980;110010;109900;110010
27/11/18;110000;109930;109890;110000
27/11/18;109950;109950;109900;109970
27/11/18;109940;109950;109890;109970
27/11/18;109940;110000;109930;110040
27/11/18;109980;109970;109910;110000
27/11/18;109970;109910;109900;109980
27/11/18;109920;109930;109890;109950
27/11/18;109930;109920;109890;109940
27/11/18;109930;109920;109890;109940
27/11/18;109920;109830;109830;109930
27/11/18;109830;109900;109810;109900
27/11/18;109910;109880;109850;109920
27/11/18;109890;109840;109840;109900
27/11/18;109850;109830;109810;109890
27/11/18;109830;109790;109780;109850
27/11/18;109790;109860;109780;109870
27/11/18;109860;109800;109760;109860
27/11/18;109800;109700;109680;109800
27/11/18;109710;109720;109650;109740
27/11/18;109730;109740;109710;109770
27/11/18;109760;109750;109720;109770
27/11/18;109760;109860;109720;109930
27/11/18;109860;109830;109820;109870
27/11/18;109820;109730;109720;109830
27/11/18;109720;109610;109600;109730
27/11/18;109600;109610;109460;109630
27/11/18;109620;109600;109550;109620
27/11/18;109630;109630;109620;109740
27/11/18;109620;109630;109590;109640
27/11/18;109620;109650;109610;109670
27/11/18;109650;109590;109590;109680
27/11/18;109610;109520;109510;109630
27/11/18;109520;109540;109460;109550
27/11/18;109540;109500;109460;109580
27/11/18;109480;109430;109430;109510
27/11/18;109430;109570;109410;109580
27/11/18;109560;109530;109530;109590
27/11/18;109540;109500;109500;109560
27/11/18;109490;109500;109430;109550
27/11/18;109480;109500;109480;109510
27/11/18;109490;109460;109450;109520
27/11/18;109450;109460;109400;109480
27/11/18;109440;109470;109410;109470
27/11/18;109460;109400;109380;109470
27/11/18;109400;109430;109390;109480
27/11/18;109430;109490;109430;109490
27/11/18;109490;109530;109490;109540
27/11/18;109530;109520;109500;109540
27/11/18;109510;109540;109500;109550
27/11/18;109530;109540;109490;109550
27/11/18;109530;109590;109530;109590
27/11/18;109580;109560;109550;109590
27/11/18;109570;109520;109510;109590
27/11/18;109520;109510;109490;109550
27/11/18;109510;109450;109430;109510
27/11/18;109460;109280;109250;109460
27/11/18;109280;109290;109250;109330
27/11/18;109280;109350;109280;109430
27/11/18;109360;109450;109360;109530
27/11/18;109450;109460;109430;109470
27/11/18;109470;109420;109410;109470
27/11/18;109430;109460;109410;109500
27/11/18;109460;109430;109420;109470
27/11/18;109430;109480;109420;109490
27/11/18;109480;109470;109450;109500
27/11/18;109460;109340;109280;109470
27/11/18;109330;109290;109280;109410
27/11/18;109290;109200;109150;109290
27/11/18;109200;109130;109020;109200
27/11/18;109120;109180;109070;109190
27/11/18;109170;109110;109100;109180
27/11/18;109110;109090;109090;109160
27/11/18;109100;109080;109070;109150
27/11/18;109070;109130;109060;109160
27/11/18;109120;109100;109050;109160
27/11/18;109090;109050;109040;109100
27/11/18;109030;109050;108970;109080
27/11/18;109060;109030;108970;109090
27/11/18;109010;108910;108880;109030
27/11/18;108900;108840;108810;108930
27/11/18;108830;108850;108780;108920
27/11/18;108850;108840;108790;108880
27/11/18;108840;108810;108780;108860
27/11/18;108800;108850;108680;108860
27/11/18;108850;108920;108800;108940
27/11/18;108910;108880;108860;108950
27/11/18;108870;108930;108860;108940
27/11/18;108920;108910;108880;108930
27/11/18;108900;108970;108850;108980
27/11/18;108970;108930;108910;108970
27/11/18;108930;108980;108910;108980
27/11/18;108970;108940;108930;109030
27/11/18;108940;109040;108910;109060
27/11/18;109040;109010;109010;109110
27/11/18;109010;109000;108980;109040
27/11/18;108990;108970;108960;109010
27/11/18;108970;108970;108940;108990
27/11/18;108980;108950;108940;108980
27/11/18;108950;108940;108940;108990
27/11/18;108940;108860;108830;108950
27/11/18;108870;108910;108860;108920
27/11/18;108910;108970;108910;108970
27/11/18;108960;108990;108950;109020
27/11/18;108980;108930;108900;108980
27/11/18;108920;108880;108870;108920
27/11/18;108880;108930;108870;108960
27/11/18;108940;108970;108940;108990
27/11/18;108970;109000;108960;109000
27/11/18;109000;109050;108990;109060
27/11/18;109060;109010;109000;109080
27/11/18;109000;109000;108990;109030
27/11/18;109020;109020;109010;109060
27/11/18;109010;108970;108960;109010
27/11/18;108970;109020;108970;109040
27/11/18;109030;109040;109020;109060
27/11/18;109050;109050;109030;109060
27/11/18;109050;108990;108970;109050
27/11/18;109000;109010;108970;109010
27/11/18;109000;108970;108970;109040
27/11/18;108970;108980;108950;109000
27/11/18;108980;108990;108980;109000
27/11/18;109010;109060;109010;109060
27/11/18;109060;109100;109050;109130
27/11/18;109090;109020;109010;109100
27/11/18;109000;109020;108930;109020
27/11/18;109020;109080;109020;109120
27/11/18;109080;109040;109030;109090
27/11/18;109050;109150;109040;109150
27/11/18;109150;109130;109120;109310
27/11/18;109130;109050;108940;109130
27/11/18;109040;109190;109020;109190
27/11/18;109190;109150;109130;109220
27/11/18;109170;109090;109060;109180
27/11/18;109100;109070;109070;109180
27/11/18;109080;109050;109010;109110
27/11/18;109040;109030;109000;109070
27/11/18;109020;109040;109000;109050
27/11/18;109030;109070;109030;109090
27/11/18;109080;109050;109050;109090
27/11/18;109050;109080;109040;109090
27/11/18;109090;109070;109050;109110
27/11/18;109060;109110;109050;109120
27/11/18;109100;109110;109080;109120
27/11/18;109090;109070;109060;109140
27/11/18;109070;109080;109070;109110
27/11/18;109070;109110;109060;109110
27/11/18;109120;109110;109110;109140
27/11/18;109110;109140;109110;109140
27/11/18;109150;109190;109150;109200
27/11/18;109190;109170;109150;109190
27/11/18;109170;109140;109130;109190
27/11/18;109170;109210;109140;109250
27/11/18;109200;109200;109190;109230
27/11/18;109190;109170;109150;109220
27/11/18;109150;109120;109100;109160
27/11/18;109120;109160;109090;109190
27/11/18;109190;109190;109170;109220
27/11/18;109210;109170;109160;109210
27/11/18;109180;109200;109170;109220
27/11/18;109200;109220;109200;109230
27/11/18;109220;109250;109220;109250
27/11/18;109230;109280;109230;109280
27/11/18;109280;109290;109280;109330
27/11/18;109310;109300;109290;109340
27/11/18;109300;109270;109260;109330
27/11/18;109280;109270;109240;109280
27/11/18;109270;109230;109230;109270
27/11/18;109220;109190;109190;109240
27/11/18;109180;109220;109170;109240
27/11/18;109220;109220;109190;109240
27/11/18;109210;109180;109180;109220
27/11/18;109180;109220;109170;109240
27/11/18;109210;109310;109210;109320
27/11/18;109300;109250;109250;109310
27/11/18;109250;109310;109250;109310
27/11/18;109300;109290;109290;109330
27/11/18;109300;109340;109280;109340
27/11/18;109340;109360;109320;109400
27/11/18;109370;109330;109320;109420
27/11/18;109330;109360;109310;109380
27/11/18;109380;109330;109310;109380
27/11/18;109330;109300;109300;109350
27/11/18;109310;109330;109290;109340
27/11/18;109330;109350;109310;109350
27/11/18;109350;109310;109300;109350
27/11/18;109300;109250;109240;109300
27/11/18;109250;109300;109230;109300
27/11/18;109290;109300;109280;109320
27/11/18;109320;109300;109290;109350
27/11/18;109300;109250;109230;109300
27/11/18;109250;109260;109210;109260
27/11/18;109270;109270;109260;109290
27/11/18;109250;109250;109240;109250
27/11/18;109240;109220;109220;109240
27/11/18;109230;109300;109230;109300
27/11/18;109300;109330;109300;109340
27/11/18;109310;109280;109270;109320
27/11/18;109300;109370;109290;109370
27/11/18;109370;109370;109340;109380
27/11/18;109370;109340;109320;109400
27/11/18;109340;109360;109340;109370
27/11/18;109370;109380;109350;109400
27/11/18;109380;109390;109350;109400
27/11/18;109400;109390;109380;109410
27/11/18;109400;109390;109340;109400
27/11/18;109380;109360;109360;109380
27/11/18;109370;109380;109370;109390
27/11/18;109370;109380;109360;109380
27/11/18;109370;109420;109360;109430
27/11/18;109420;109390;109390;109430
27/11/18;109390;109320;109320;109390
27/11/18;109330;109360;109330;109370
27/11/18;109380;109400;109360;109410
27/11/18;109400;109430;109380;109430
27/11/18;109420;109370;109370;109430
27/11/18;109370;109410;109370;109430
27/11/18;109410;109420;109410;109430
27/11/18;109430;109430;109420;109440
27/11/18;109430;109480;109410;109530
27/11/18;109490;109540;109470;109540
27/11/18;109540;109560;109530;109570
27/11/18;109570;109560;109550;109670
27/11/18;109570;109550;109540;109570
27/11/18;109550;109510;109510;109590
27/11/18;109500;109530;109500;109540
27/11/18;109540;109480;109480;109540
27/11/18;109480;109500;109470;109520
27/11/18;109490;109500;109480;109510
27/11/18;109510;109520;109510;109560
27/11/18;109520;109500;109500;109530
27/11/18;109500;109510;109490;109520
27/11/18;109510;109540;109510;109560
27/11/18;109540;109540;109510;109550
27/11/18;109520;109450;109450;109540
27/11/18;109450;109470;109450;109490
27/11/18;109460;109470;109440;109470
27/11/18;109460;109440;109410;109460
27/11/18;109440;109440;109410;109440
27/11/18;109440;109440;109430;109440
27/11/18;109440;109400;109400;109440
27/11/18;109400;109410;109390;109430
27/11/18;109410;109400;109380;109450
27/11/18;109400;109430;109400;109440
27/11/18;109410;109470;109410;109500
27/11/18;109480;109450;109450;109500
27/11/18;109460;109450;109420;109460
27/11/18;109440;109480;109440;109480
27/11/18;109480;109450;109450;109480
27/11/18;109450;109450;109440;109470
27/11/18;109450;109480;109450;109480
27/11/18;109480;109480;109450;109490
27/11/18;109480;109490;109480;109500
27/11/18;109490;109460;109460;109500
27/11/18;109470;109490;109470;109490
27/11/18;109490;109490;109480;109500
27/11/18;109480;109480;109480;109480
27/11/18;109490;109470;109470;109500
27/11/18;109470;109450;109440;109490
27/11/18;109450;109540;109450;109540
27/11/18;109550;109550;109520;109550
27/11/18;109540;109500;109490;109540
27/11/18;109510;109510;109500;109510
27/11/18;109520;109490;109490;109530
27/11/18;109500;109490;109460;109510
27/11/18;109490;109480;109460;109500
27/11/18;109480;109490;109470;109500
27/11/18;109490;109510;109490;109550
27/11/18;109500;109500;109480;109500
27/11/18;109490;109500;109490;109510
27/11/18;109510;109540;109500;109560
27/11/18;109530;109530;109510;109540
27/11/18;109520;109520;109500;109530
27/11/18;109500;109520;109500;109530
27/11/18;109530;109500;109480;109530
27/11/18;109490;109490;109460;109490
27/11/18;109490;109480;109480;109510
27/11/18;109490;109480;109480;109500
27/11/18;109480;109470;109450;109490
27/11/18;109480;109500;109470;109500
27/11/18;109500;109530;109500;109540
27/11/18;109540;109570;109530;109590
27/11/18;109580;109530;109520;109590
27/11/18;109520;109580;109510;109580
